,Date,Russia_Ukraine_Date_Flag,Covid_Flag,Trade_Volume_Pct_Change_Index_Value,US_Crude_Oil_Prices_Dollar_Per_Barrel,Federal_Rates_Monthly,Nominal_Broad_US_Dollar_Index,Adjusted_Closing_Price,US_Export_to_Russia,US_Unemployment_Rate,US_Consumer_Sentiment,Price,US_Mean_Monthly_Market_Volatility,Average_Hourly_Earning,CPI_Value_Inflation,producer_price_index_all_commodities
2,2013-03-01,0,0,0.6990540770039291,0.0242415664916944,-0.005704800114392117,0.09360898713927845,0.05077500020789416,-0.31328699677360694,-0.11132374507489073,0.07587316847129799,0.025972149748517248,-0.16358586748040216,-0.002907711020939008,-0.04993762371527022,-0.07731116052483716
3,2013-04-01,0,0,-0.8603211784099708,-0.05168484931248085,0.005704800114392117,-0.039666849009269534,0.02643541562832552,0.5846902082520906,0.055661872537445145,-0.16692097063685474,0.003034129643518124,0.14703155340862994,0.014538555104692596,-0.03314858681334143,-0.0073629676690316614
4,2013-05-01,0,0,-0.0448443276637103,0.01555119359844559,-0.022819200457568134,0.05223778802205814,0.030897207061013843,-1.0553901866460214,-0.055661872537445145,0.6145726646175133,0.04818197873907115,-0.07441923478495771,-0.014538555104692374,0.02561304234340578,0.04049632217967597
5,2013-06-01,0,0,1.5788652901292883,-0.04253708837221848,-0.011409600228784122,0.08191736251339421,-0.022784012201157555,-0.0008354660690326199,0.0,-0.030349267388519632,0.055403207290645407,0.5935898138850454,0.014538555104692152,0.00566141942041809,-0.014725935338063212
6,2013-07-01,0,0,-1.6570054062255912,0.34715752768294306,0.0,0.06391855691477,0.07400612303278664,0.3217049418726996,-0.11132374507489096,0.07587316847129799,0.007585324108795755,-0.5180278653221996,-0.014538555104692152,-0.018233674960930868,-0.00368148383451683
7,2013-08-01,0,0,0.5300329563998489,0.07089514728703028,-0.005704800114392117,-0.017097779745374186,-0.04914490939219407,0.23239411216452877,-0.055661872537445145,-0.22761950541389395,0.01869023860407304,0.036995358559124614,0.005815422041876683,0.007379367382475355,-0.011044451503548491
8,2013-09-01,0,0,1.800672233881342,-0.029272835008838483,0.0,-0.026520556138380114,0.04525132104383589,0.43734165746920706,0.0,-0.34901657496797034,-0.05309726876157117,0.07573335562952888,0.0,-0.0003513984467851117,-0.003681483834514776
9,2013-10-01,0,0,-2.913381487851494,-0.28083626086604263,0.005704800114392117,-0.10544173629639375,0.06985172015391639,-0.07294169310054754,0.0,-0.3262546244265811,-0.018811603789813836,0.11247284566882176,-0.0029077110209378976,-0.03416373788183069,-0.040496322179677025
10,2013-11-01,0,0,1.5646020942737056,-0.3421262591657992,-0.005704800114392117,0.09492253085304858,0.04589404256545482,-0.333190157408372,-0.1669856176123361,0.14415902009546555,0.06468764399981142,-0.39026656507340063,0.011630844083753367,0.00491957825498357,0.0036814838345158307
11,2013-12-01,0,0,0.31756277282221446,0.14407723480912615,0.005704800114392117,0.017401740274181732,0.03963449383316631,0.14291915319587356,-0.11132374507489085,0.5614614466876054,-0.015413378589073101,0.1992920036107616,-0.014538555104692152,0.017843232242283014,0.07731116052483716
12,2014-01-01,0,0,-3.2855987110963225,-0.10428447471898683,-0.011409600228784122,0.10104516436186795,-0.061263470256341934,-0.4484415176384646,-0.05566187253744559,-0.09863511901268715,0.1384169943373068,0.007631695588037779,0.008723133062815469,0.034632269144208916,0.036814838345160195
13,2014-02-01,0,0,2.7484712109052483,0.33343588627255016,0.0,0.019627165574373162,0.07159358862555054,0.3068766431937915,0.05566187253744559,0.030349267388518536,0.05303658616870055,0.19311182659535053,0.014538555104691486,-7.808854372926e-05,0.003681483834514776
14,2014-03-01,0,0,-0.13918989394083026,-0.03155977524390363,0.005704800114392006,-0.02223254153557308,0.012006783208214022,0.22259323285219224,0.0,-0.12139706955407634,-0.06086464064897812,-0.09951132482441555,-0.03198482123032176,0.025261643896621888,-0.022088903007094846
15,2014-04-01,0,0,-1.6247444868929364,0.014636417504418908,0.005704800114392117,-0.04832972408025804,0.010814488211587925,0.062451145632755445,-0.27830936268722684,0.3110799907323213,0.03562068201490565,-0.10033435081920333,0.008723133062814803,-0.028619451277007935,-2.7755575615628914e-17
16,2014-05-01,0,0,1.276338556582569,-0.034304103525982566,0.0,-0.03534626720694445,0.03690525606745121,0.7445229863632215,0.055661872537445145,-0.16692097063685468,-0.043327371309441975,-0.2707007317404023,0.011630844083753367,0.001913169321382746,-0.058903741352257094
17,2014-06-01,0,0,-0.27596509331514807,0.134472085821852,0.005704800114392006,0.01708692401220202,0.03414807388775276,-1.4868639450959524,-0.11132374507489085,0.04552390108277836,-0.05655617655518208,-0.14672308870727713,1.1102230246251565e-15,-0.015032044668006339,0.022088903007096927
18,2014-07-01,0,0,-0.0617921839379591,-0.09056283330859416,-0.005704800114392006,-0.024262563638673962,-0.027534562578340638,0.07436046476897196,0.0556618725374457,-0.053111217929908805,0.1029662235824389,0.11861777126541218,-0.011630844083754477,-0.020927729719611765,-0.022088903007096927
19,2014-08-01,0,0,1.93007586568151,-0.27351805211383384,0.0,0.10604965735400729,0.06771862988651434,-0.28322413340012453,-0.0556618725374457,0.053111217929908805,0.08435487234909678,0.18784718097579445,0.011630844083753367,-0.011908502918809738,-0.025770386841611703
20,2014-09-01,0,0,-1.8083867126262876,-0.17609439810004335,0.0,0.16718914657683226,-0.02895041288683442,-0.1592069157495175,-0.11132374507489035,0.15933365378972533,0.15157298047160261,-0.003965488883979851,-0.014538555104691486,0.022528544866075584,0.014725935338064267
21,2014-10-01,0,0,1.2263403353776812,-0.3672826017515194,0.0,0.14315455333476157,0.04262454612939348,1.1683526594746487,-0.11132374507489085,0.17450828748398622,0.21004065870220123,0.7215140336525405,0.005815422041876017,-0.030337399239066087,-0.08835561202838463
22,2014-11-01,0,0,-1.7324383647488824,-0.35539051252917914,0.0,0.1818443863585808,0.04611759787732228,-0.47195399928323334,0.055661872537445145,0.1441590200954655,0.44750378112252087,-0.729921500154327,0.014538555104693263,-0.0267062819556243,0.018407419172580097
23,2014-12-01,0,0,-0.7996663506084112,-0.7414260242082349,0.017114400343176017,0.2528734485007935,-0.008066620836550298,-1.2708545385809016,-0.11132374507489085,0.36419120866223015,0.33370571471272215,0.45237557574832266,-0.034892532251261654,-0.0022255234963026727,-0.05154077368322446
24,2015-01-01,0,0,0.7008363515649246,-0.539717895475458,-0.005704800114391895,0.2514839146548187,-0.059530916589369265,0.2968549037809446,0.0556618725374457,0.3414292581208409,0.7861551271541779,0.444222839192857,0.04943108735595314,0.00913635961639736,-0.04049632217967597
25,2015-02-01,0,0,0.3737027305309336,0.05900305806468986,0.0,0.15282701159071643,0.1020064258441844,-0.13922635187428684,-0.11132374507489087,-0.20485755487250368,-0.4394754740857714,-0.5051963924531255,-0.026169399188445963,0.08277385635369394,0.1509408372151565
26,2015-03-01,0,0,0.8403868817072423,-0.07729857994521405,0.0,0.2384136119161338,-0.034101499864447105,0.3832448099742431,-0.0556618725374452,-0.1820956043311156,-0.20761942324667343,-0.17149728092882632,0.008723133062815691,0.014914911852409674,0.047859289848708686
27,2015-04-01,0,0,-0.4270716617400297,0.30370566321669845,0.005704800114391895,-0.10990344262994872,0.016412685812935424,0.22762992665797943,0.0,0.22003218856676454,-0.3973496181151629,-0.20708286290357686,-0.011630844083753589,-0.035803597300158585,-0.036814838345160306
28,2015-05-01,0,0,0.06157471144593533,0.23235312788265505,0.0,-0.10267352433761956,0.020380792598582054,-0.3449515654676457,0.11132374507489037,-0.3945404760507497,0.04065126896385873,-0.024552361835437297,0.014538555104691375,0.028346141373954414,0.11412599886999641
29,2015-06-01,0,0,1.0339283098409555,0.06860820705196496,0.005704800114392228,0.08386053875112232,-0.04124595503954398,-0.323565585668922,-0.16698561761233605,0.40971510974500847,0.17958406534056404,0.15728740956517495,-0.023261688167507066,-0.014563513405627004,-0.040496322179675914
30,2015-07-01,0,0,0.07788105795534628,-0.3741434224567158,0.0,0.2111005872562205,0.03793919938483825,-0.5707459922111479,-0.05566187253744517,-0.22761950541389397,0.3920763007947281,0.0020711687224215236,0.008723133062815691,-0.03189917011366383,-0.08467412819386888
31,2015-08-01,0,0,-1.9014144910442714,-0.3531035722941136,0.005704800114391895,0.20117844713731836,-0.12263871816861771,0.2924138803425423,-0.05566187253744568,-0.09104780216555663,0.15383644118566683,0.7974577740081534,0.017446266125630383,-0.013821672240191485,-0.040496322179676025
32,2015-09-01,0,0,0.8126544804737221,0.07409686361612255,0.0,0.09493338658622077,-0.04857670630786437,-0.08008329788550982,-0.05566187253744519,-0.35660389181510077,0.07138700225269975,0.7776099239850742,-0.02035397714656928,-0.0012884609715438922,-0.029451870676128533
33,2015-10-01,0,0,-0.7408721965420879,0.03384671547896945,-0.011409600228784122,-0.10287978326788041,0.14841278266600233,0.04826490332883353,0.0,0.2124448717196341,-0.09149721352993906,-1.192187162789622,0.01744626612563127,0.010307687772346918,0.044177806014192855
34,2015-11-01,0,0,0.007212724029827977,-0.18981603951043668,0.0,0.1941005091093915,0.0009780544894197885,1.1348969120507066,0.05566187253744519,0.09863511901268718,0.1543401067064912,-0.09106000417545165,-0.0058154220418776825,-0.015422487386654193,-0.007362967669032661
35,2015-12-01,0,0,-0.07819010977261998,-0.27123111187876847,0.06845760137270473,0.11877257663120129,-0.03397109259919073,-1.1664066639051711,-0.05566187253744519,0.09863511901268718,0.43130152882613326,0.2852499268052979,-0.02035397714656928,-0.012064680006270478,-0.0147259353380631
36,2016-01-01,0,0,-0.6817487659439716,-0.2396713366348644,0.05704800114392061,0.2658243381745892,-0.09659452433606008,-0.3826209226607421,-0.11132374507489086,-0.04552390108277837,0.11336115174113237,0.8944141025190385,0.043615665314077345,0.04693121478166917,0.047859289848707354
37,2016-02-01,0,0,1.594733282994915,-0.06860820705196513,0.022819200457568245,-0.10342256992646326,-0.0074611585335759845,0.0687961016404412,0.05566187253744567,-0.022761950541389186,-0.01797418400820261,-0.18868835721761923,-0.04070795429313845,-0.007652677285530096,-0.0147259353380631
38,2016-03-01,0,0,0.8002987706139282,0.290441409853319,-0.011409600228784122,-0.2592674753389042,0.11877307423424277,1.1946660873671962,0.05566187253744519,-0.053111217929908805,-0.49391989640906453,-1.0476828433344103,0.02035397714656928,0.03225056856044917,0.07731116052483511
39,2016-04-01,0,0,0.8244457162790085,0.17014835348887303,0.005704800114391895,-0.20368612149997317,0.005179031391596256,-0.9094191352411892,0.05566187253744519,-0.15174633694259598,-0.14409688502997345,-0.2433232141451679,0.0029077110209388968,0.0042167813614134575,0.01104445150354838
40,2016-05-01,0,0,-2.237904428602532,0.24836170952811343,0.0,0.12195330645049862,0.029481356752519394,0.10005620326998099,-0.16698561761233605,0.43247706028639876,0.12395026419701113,0.08679183217768466,-0.008723133062816801,-0.006286127770255723,0.036814838345161416
41,2016-06-01,0,0,0.7458113445190337,0.13447208582185133,0.005704800114392228,0.045496377722453116,0.00177912769027877,-0.4141228848149572,0.05566187253744567,-0.09104780216555786,-0.16528117820101812,0.4590648546633377,-0.0029077110209367873,-0.006988924663827167,0.007362967669030329
42,2016-07-01,0,0,-0.2706339494670054,-0.14865111527925756,0.005704800114391895,0.09962306331638043,0.06961885003738766,0.13378183480336073,-0.05566187253744567,-0.2655560896495429,0.1256008307230856,-0.7252875767866406,0.008723133062814692,-0.046033196528775355,-0.08099264435935183
43,2016-08-01,0,0,0.2870977760568276,-0.011434701175327522,0.005704800114392228,-0.11278021192044008,-0.002468423235203243,0.6971095324910342,0.05566187253744567,-0.01517463369425981,-0.043157460049405294,-0.11924621948324376,-0.011630844083754588,0.023856050109484772,-0.044177806014191856
44,2016-09-01,0,0,0.44452331792525845,0.004116492423117846,0.0,0.09536761591308794,-0.0024963676491862596,-0.5153513827263675,0.05566187253744519,0.10622243585981767,-0.15154870743445437,0.28595761678213183,0.0058154220418776825,0.013977849327652003,0.05154077368322452
45,2016-10-01,0,0,-0.7730158579793605,0.20353768092082958,0.0,0.1256876786615508,-0.03923395723273715,0.6807360694231214,-0.05566187253744519,-0.30349267388519197,0.03325406089296121,0.05746217854522623,0.02035397714656939,-0.010854307578455513,-0.018407419172581152
46,2016-11-01,0,0,1.2043681146327512,-0.15322499574938853,0.005704800114391895,0.2858097429436284,0.06768137066786983,-0.7131346136456662,-0.11132374507489085,0.5007629119105662,0.04610056580361748,0.1022796849887036,-0.03198482123032387,-0.026432972052571668,-0.007362967669030551
47,2016-12-01,0,0,-2.0909059769076714,0.25019126171616557,0.0741624014870968,0.1951100922943561,0.03727784825389702,-0.2535011129644279,0.0,0.3338419412737117,-0.17409835894508235,-0.4342584430683507,0.002907711020939896,0.017765143698551422,0.08467412819386666
48,2017-01-01,0,0,0.32080942097886567,0.04894052103040181,0.06275280125831262,-0.012918322474282817,0.03729647786321921,-0.22409216661325376,0.0,0.022761950541388964,-0.06760647671687586,-0.1357356916768523,0.017446266125629273,0.051850793036654075,0.022088903007096983
49,2017-02-01,0,0,0.8998186823906946,0.05580134173559814,0.005704800114392061,-0.1807913802409281,0.07896159911251499,0.3795709477066762,-0.05566187253744567,-0.16692097063685563,-0.11245091284807732,-0.012251470448257473,-0.0029077110209377866,-0.02510546680916259,-0.05890374135225607
50,2017-03-01,0,0,1.0565338595673406,-0.13813119019795606,0.07416240148709674,-0.0504357363155617,-0.0008569620288253477,0.37540191118243316,-0.1113237450748904,0.04552390108277937,-0.12375001164053917,0.05771129500505867,-0.008723133062815691,-0.022099057875562544,-0.036814838345160084
51,2017-04-01,0,0,-1.9552026874025565,0.03842059594910019,0.06275280125831256,-0.09618179590096215,0.02000820041213669,0.44138685295216284,0.0,0.007587316847129433,0.04032965122164589,0.1945953964403353,0.0058154220418776825,0.020498242729099725,0.058903741352255956
52,2017-05-01,0,0,-0.17362803787744807,-0.09330716159067232,0.005704800114392061,-0.055440229307699374,0.025708860864756877,-0.6469436936938995,0.0,0.007587316847129433,-0.022416149806313457,-0.3573047965695595,-0.0058154220418776825,-0.020068755738584243,-0.0625852251867719
53,2017-06-01,0,0,0.8823043068660978,-0.13813119019795606,0.07416240148709674,-0.16270572877693346,0.01081448821158748,1.058793153109925,-0.055661872537445645,-0.15933365378972542,0.14432747888288072,-0.05477884172750702,0.0029077110209388968,0.0005075755342444088,0.036814838345159195
54,2017-07-01,0,0,0.09392221073623555,0.0571735058766375,0.06275280125831253,-0.18451489671881138,0.04367711905610305,-1.1460051661744437,0.0,-0.12139706955407636,0.05047578074957132,-0.039145088853776544,0.014538555104691375,-0.015266310299195895,-0.033133354510643365
55,2017-08-01,0,0,0.5778019141285946,0.07043775924001738,0.005704800114392061,-0.1253511509332288,0.0012574986292542834,0.8046544517989338,0.055661872537445645,0.2579687728024126,-0.10715939074978115,0.26886161021410326,-0.023261688167507066,0.035217933222184916,0.014725935338064322
56,2017-09-01,0,0,-0.2742403114819302,0.10108275838989511,-0.005704800114392061,-0.1141697457664132,0.04444093303831653,0.22029887608672194,-0.055661872537445645,-0.1289843864012069,-0.03132435443968329,-0.24160074465036208,0.026169399188446074,0.02213810214742551,0.025770386841611703
57,2017-10-01,0,0,-0.09784216944810181,0.08919066916755436,0.0,0.22091417004340705,0.052069758055793225,-0.5473045743167477,-0.0556618725374452,0.42488974343926944,0.05091876367752457,-0.049108124604738235,-0.03198482123032287,-0.056848459835364795,-0.033133354510644364
58,2017-11-01,0,0,-0.2634212254371848,0.2776345445369517,0.005704800114392061,0.029777276089880053,0.06736466730939084,0.32904472132792484,0.0,-0.16692097063685596,0.006620470882157392,0.06520950588459828,0.011630844083754588,0.006325172042120908,0.03313335451064425
59,2017-12-01,0,0,-0.7635099581030961,0.0818724604153449,0.07986720160148883,-0.031231944334883785,0.02424643653295716,-0.27304926560666676,-0.055661872537445645,-0.19727023802537424,-0.050160231266645317,-0.04336224684360124,0.011630844083752478,-0.0058956850516076464,-0.02208890300709576
60,2018-01-01,0,0,0.11812795578199453,0.24104350077590386,0.06275280125831253,-0.27346677432744293,0.1399083660103779,-0.6042813009263779,-0.055661872537445256,-0.015174633694259754,-0.08519229213070817,0.12536556414251798,0.011630844083754643,0.0580978765350445,0.044177806014191745
61,2018-02-01,0,0,0.6434063431303174,-0.04894052103040171,0.00570480011439206,-0.07671746632416487,-0.1024442216632582,0.4654643606426354,0.055661872537445256,0.30349267388519185,0.007379003293036257,1.7915740116409604,-0.029077110209384915,-0.008550695538422526,-0.00736296766903155
62,2018-03-01,0,0,-0.5370970628646001,-0.022869402350655016,0.051343201029528544,0.03227409471936288,-0.06796081480770433,0.023149176378439995,-0.055661872537445256,0.1289843864012068,0.049474517967210196,-0.5406493201075758,0.02616939918844602,-0.02190383651623795,-0.05154077368322452
63,2018-04-01,0,0,1.3194581024130543,0.12898342925769424,0.10268640205905694,-0.000488507992724263,0.006688029746701463,0.30928424756067086,0.0,-0.19727023802537547,0.3517405813137954,-0.11881502542945335,-0.017446266125630383,0.016749992630063326,0.03681483834516014
64,2018-05-01,0,0,-1.5885240683953232,0.12166522050548445,0.005704800114392061,0.336875111783146,0.05329931227106394,-0.3001129977034641,-0.11132374507489085,-0.06069853477703813,-0.0326350984456836,-0.6509727506712689,0.005815422041876794,0.0019522135932479312,0.0699481928558035
65,2018-06-01,0,0,1.5350558315655087,-0.1536823837964016,0.06845760137270473,0.1951318037607001,0.012202394106098136,0.22691646815025512,0.11132374507489085,0.015174633694259976,0.020073801721517598,-0.07014766185332844,-0.0029077110209388413,-0.025027378265432165,-0.06994819285580345
66,2018-07-01,0,0,-0.061778549298955654,0.19210297974550214,0.05134320102952841,0.02343752791762635,0.09121056724191895,-0.6083005134774296,-0.11132374507489085,-0.022761950541389186,-0.013714265988702873,-0.08335008710857061,-0.002907711020937953,-0.014993000396141154,-0.033133354510643365
67,2018-08-01,0,0,-1.1228329734260045,-0.19942118849771157,0.0,0.08375198141940515,0.07939008012692758,0.37896068891573065,0.0,-0.1289843864012069,0.3057189028809085,-0.09437798482530069,0.017446266125630383,0.004802445439388403,-0.036814838345161194
68,2018-09-01,0,0,0.2528843764196934,0.041164924231178936,0.022819200457568245,0.026857083866702075,0.011606246607785059,-0.42011672768024205,-0.055661872537445145,0.29590535703806153,-0.12109211407281767,0.05712522927172037,0.0029077110209388968,0.005973773595338017,0.04049632217967597
69,2018-10-01,0,0,-0.01795272916838067,0.07501163971014876,0.1369152027454093,0.08161340198458694,-0.18838260946696994,0.8103087659386329,0.055661872537445145,-0.11380975270694704,0.019940300017203108,1.012131925981197,-0.020353977146569224,0.0059737735953369064,0.02945187067612859
70,2018-11-01,0,0,-0.44896139291903087,-0.4358908088034847,0.005704800114392172,0.14521714263737867,0.04511159897391909,-0.5750891748045743,0.0,-0.08346048531842731,0.06505780781631991,0.005793712635249526,0.005815422041876739,-0.05048424352137865,-0.12148896653902796
71,2018-12-01,0,0,0.7141184783336222,-0.36682521370450605,0.03993360080074432,0.004700532463331741,-0.23596263167609183,-0.1480857720198267,0.05566187253744548,0.06069853477703813,0.17482048180024087,0.8742505026362806,0.011630844083753561,0.001639859418326839,0.03681483834515914
72,2019-01-01,0,0,-2.222204993961519,0.016923357739484612,0.07416240148709669,-0.1922333230038662,0.18373452194105905,-0.028270462323593162,0.05566187253744537,-0.5386994961462152,-0.2683141526356144,-0.8454445928186871,-0.020353977146569224,0.050132845074594645,-0.022088903007095873
73,2019-02-01,0,0,2.0148430980626832,0.21039850162602602,0.0,-0.0032241527519838997,0.07488171467093394,0.25306781088805697,-0.11132374507489085,0.19727023802537424,0.030632572880960565,-0.681544282153194,0.02326168816750815,0.022840899040996843,0.07362967669032022
74,2019-03-01,0,0,0.21577020733577992,0.2222905908483666,0.005704800114392117,0.040350760199083735,0.046490190063768366,1.058535637221362,0.0,0.34901657496797145,-0.01705787685585984,-0.11776359987630136,-0.008723133062815691,0.014134026415110329,0.05522225751774146
75,2019-04-01,0,0,1.240290616268274,0.2533929780452574,0.005704800114392006,0.013037735539170425,0.10379486833912387,-1.5191619655847384,-0.055661872537445145,-0.09104780216555786,-0.060482340313895,-0.24137107810794267,-0.031984821230322785,-0.003123541749195352,-0.011044451503549602
76,2019-05-01,0,0,-1.1195558879429015,-0.14956589137328385,-0.017114400343176128,0.11448456202839119,-0.180492969918981,0.05649396546128588,-0.05566187253744548,0.2124448717196341,0.04813950092406223,0.5927895741471375,0.029077110209383875,-0.03131350603569019,-0.06258522518677184
77,2019-06-01,0,0,0.48207652238490745,-0.2465321573400606,-0.005704800114392117,-0.05743768421128592,0.1767018444218958,0.4291812144471514,0.0,-0.136571703248336,-0.1335077725740943,-0.13918253814676104,0.0029077110209389107,-0.019248826029419824,-0.03681483834515914
78,2019-07-01,0,0,0.285826345970293,0.0974236540137901,0.011409600228784122,-0.03792993170180048,0.035973775601336785,-0.5240041341136068,0.05566187253744548,0.015174633694259754,0.024145603703119006,-0.39753583940501996,-0.0058154220418767805,0.014719690493088494,0.06626670902128662
79,2019-08-01,0,0,-0.20907355439201802,-0.1298982053517203,-0.15402960308858554,0.21966576072866562,-0.05022542673288678,-0.008323080637811564,-0.05566187253744548,-0.6525092488531634,0.19037949861220202,0.8913881663637764,0.011630844083753568,-0.017218523892446103,-0.0699481928558035
80,2019-09-01,0,0,-1.7523783425511883,0.06906559509897803,-0.051343201029528385,0.024273419371844573,0.04683483783623018,-0.08481890734628605,-0.05566187253744537,0.25796877280241354,-0.11583093327095641,-0.537375437974067,-0.020353977146568215,0.008355474179101319,0.02577038684161287
81,2019-10-01,0,0,0.7394064728498266,-0.09147760940261995,-0.11980080240223315,-0.06271357053271487,0.056652641949076,0.34207944152441533,0.05566187253744537,0.17450828748398517,-0.04394026549743228,-0.014530475141981358,0.005815422041875747,0.015071088939869193,0.03681483834515897
82,2019-11-01,0,0,-0.2288710502168048,0.0832446245563842,-0.15973440320297755,-0.02034364396370214,0.09633370980554798,-0.20073226088808557,0.0,0.09863511901268729,0.011329440088897625,-0.462416829865144,0.017446266125631372,-0.028307097102086953,0.007362967669032772
83,2019-12-01,0,0,-1.0283758036185064,0.15779887621951932,0.0,-0.07054055414948696,0.08364694585707039,0.1514626277952172,0.0,0.18968292117824492,-0.1415846256851405,0.1937590243094338,-0.029077110209384933,-0.003748250099037509,-0.014725935338064322
84,2020-01-01,0,0,-1.1536300137528612,-0.08507417674443662,0.0,-0.06861908937810302,-0.004899587251761761,-0.40515714700081,0.0,0.03793658423564894,0.11736013461128955,0.028955550907555416,0.014538555104692468,0.04806349866575467,0.011044451503548491
85,2020-02-01,0,1,2.9269390911389452,-0.315140364392026,0.017114400343176184,0.1553346859533727,-0.25271065045682817,0.22206236616135017,-0.05566187253744537,0.09104780216555786,0.17963867967414754,0.8937156581015385,0.011630844083753561,-0.011322838840836104,-0.10676303120096586
86,2020-03-01,0,1,0.20777349156358038,-0.8530287076794312,-0.5305464106384612,0.46885911568426253,-0.3443031246898534,0.09510279641442207,0.5009568528370085,-0.9028907048084465,0.7016121387671825,5.987628490861295,0.03198482123032279,-0.04958622526848498,-0.03681483834515897
87,2020-04-01,0,1,-0.48304867214544134,-0.7240452784217375,-0.3422880068635233,0.24543727127820203,0.30537655601093405,-0.24632675760018127,5.78883474389432,-1.312605814553455,-0.2464502144244215,-2.5584375216092643,0.29658652413572295,-0.045408488178936536,-0.1472593533806409
88,2020-05-01,0,1,-0.8839688451233254,0.12989820535172036,0.0,-0.07225575999061018,0.12284364387116292,-0.07176539656967268,-0.8905899605991268,0.03793658423564905,-0.25710000947317085,-1.6587191078420394,-0.4448797862035845,0.06758563459822713,0.39391877029321365
89,2020-06-01,0,1,5.206381878015774,0.722215726233685,0.017114400343176128,-0.31908256511478517,0.05214427649308233,0.34840930844074974,-1.2245611958237985,0.44006437713352803,0.06243631980432102,0.03496704160337405,-0.014538555104691375,0.05458389206720017,-0.018407419172580153
90,2020-07-01,0,1,-5.262411632945723,0.16603186106575518,0.005704800114392117,-0.10683127014236693,0.1591248080263174,-0.33024927278661,-0.4452949802995634,-0.4248897434392683,0.19649023571424817,-0.6723442190648659,0.09886217471190728,-0.0038653829146318014,-0.029451870676127534
91,2020-08-01,0,1,1.2955978851857197,0.08827589307352834,0.005704800114392006,-0.18919371771579907,0.213486008028752,0.17859768606136328,-1.0019137056740162,0.12139706955407636,-0.02060780853877686,-0.6207826607715315,0.029077110209384915,-0.01901456039822902,-0.018407419172580153
92,2020-09-01,0,1,0.08793620319741347,-0.11663395198834037,-0.005704800114392006,-0.06559033982320789,-0.1279015828021638,0.34660971503907917,-0.33397123522467265,0.47800096136917813,0.21603609887779374,0.7476068854477885,-0.020353977146569224,-0.01776514369855356,-0.003681483834516719
93,2020-10-01,0,1,-1.4356456786326635,-0.019667686021563435,0.0,-0.061356603886256356,-0.08666494256728074,-0.2243817977509389,-0.5566187253744537,0.10622243585981653,0.11492069437790087,0.2814102724742391,-1.0547118733938987e-15,-0.009917245053695662,-0.0073629676690316614
94,2020-11-01,0,1,0.7566774700683179,0.08507417674443651,0.0,-0.18290824820940388,0.3275737355184398,-0.005103058184684789,-0.055661872537445256,-0.3717785255093594,-0.1894753279784337,-0.6981195567173522,0.017446266125631382,-0.010424820587941322,0.029451870676128533
95,2020-12-01,0,1,0.6028687434380505,0.25933902265642794,0.0,-0.23863072657956666,0.12522823386441562,0.06287087443267234,0.0,0.2883180401909321,-0.12083117892347506,-0.41188403927862605,0.05233879837689204,0.015773885833439402,0.014725935338063212
96,2021-01-01,0,1,-0.1609796377671685,0.2538503660922704,0.0,-0.04448679453748859,-0.03896382789756436,-0.21884486431158437,-0.166985617612336,-0.1289843864012068,0.08060468810970833,0.3984500104273301,-0.06978506450252236,0.03369520661945129,0.07731116052483722
97,2021-02-01,0,1,0.31873968277899684,0.31879946876813064,-0.005704800114392117,0.05777421193960792,0.09026977197114372,0.7153259744143555,-0.11132374507489085,-0.1669209706368558,-0.06801305008910663,-0.27802526930167604,0.02907711020938386,0.012650344084244071,0.05522225751773924
98,2021-03-01,0,1,0.05291330702259334,0.18249783075822698,-0.005704800114392006,0.1435345039957701,0.15065765058933756,-0.40375039826512865,-0.0556618725374457,0.6145726646175144,0.06548258596641288,-0.20386458331486346,-0.03780024327219955,0.01682808117379251,-0.051540773683223434
99,2021-04-01,0,1,0.8344869461689249,-0.0256137306327337,0.0,-0.07676088925685144,0.1940087514823008,0.5674014484991142,0.0,0.2579687728024125,-0.02981942613649835,-0.6955610637457348,0.043615665314077456,0.012259901365592726,-0.055222257517740264
100,2021-05-01,0,1,-2.0944933580698697,0.1340146977748383,-0.005704800114392117,-0.15386916197519696,0.021368161892663107,-0.16235028769030546,-0.16698561761233605,-0.4097151097450084,-0.10760237367773484,0.3683452839675475,0.008723133062814581,-0.0014055937871360336,0.15094083721515655
101,2021-06-01,0,1,1.5041005365587803,0.2643702911735719,0.011409600228784122,0.039471445812178915,0.08699096073042112,-0.200908934466392,0.0556618725374457,0.19727023802537433,-0.01710642293015685,-0.4405233033369448,-0.008723133062815691,0.014055937871382318,-0.11044451503548058
102,2021-07-01,0,1,-0.9878295953894505,0.07043775924001769,0.011409600228784122,0.1610230901353249,0.09106153036734077,-0.138181851823252,-0.27830936268722695,-0.3262546244265811,-0.000685713299434676,0.10158249354683768,-0.011630844083753589,-0.046618860606752355,-0.038655580262418554
103,2021-08-01,0,1,0.8757187762301673,-0.20308029287381632,-0.005704800114392006,0.03694205998318004,0.11868924099229283,-0.01940929156722591,-0.16698561761233652,-0.8270175363371484,0.0052490442832868744,-0.020521234927906067,0.002907711020939008,-0.02900989399565501,-0.050988551108046565
104,2021-09-01,0,1,-0.022892558877278035,0.15596932403146696,-0.005704800114392117,0.004429139134038751,-0.20039870747984523,0.29210819330673665,-0.22264749014978122,0.18968292117824492,-0.028884914206294687,0.3695590772631669,0.017446266125630272,0.006988924663824836,0.025696757164922146
105,2021-10-01,0,1,-2.057194331985648,0.4308595402863403,0.0,0.06758779472679444,0.27743214202750344,-0.17931191110874023,-0.11132374507489087,-0.08346048531842731,-0.10953208013101273,-0.30691387551109095,0.005815422041876794,0.059972001584562395,0.09292065198318433
106,2021-11-01,0,1,0.8355783990206951,-0.09422193768469878,0.0,0.10071949236671962,-0.035750220289469725,-0.0025140912266710114,-0.2226474901497817,-0.32625462442658104,0.19038556687148928,0.09883793991958784,-0.03198482123032287,-0.03592073011575414,-0.07234115734823987
107,2021-12-01,0,1,-0.7320914890275163,-0.26940155969071594,0.0,0.08832224508467562,0.18553227924066018,0.0794909491899512,-0.11132374507489062,0.24279413910815262,0.03459514619539594,0.44844033727606825,0.02035397714656928,-0.019717357291797022,-0.1756435937447599
108,2022-01-01,0,1,-0.36703357410915016,0.44686812193179853,0.0,-0.08320919476082078,-0.23345694922224403,-0.5513992772120154,0.05566187253744537,-0.2579687728024126,0.1653782703496114,0.2869782813943541,0.02035397714656928,0.05825405362250302,0.2600600180702124
109,2022-02-01,1,1,2.959208191255005,0.41530834668789474,0.0,-0.004885079927249958,-0.13190694880645637,0.27625306297048857,-0.11132374507489085,-0.3338419412737115,1.0451545017841917,0.40340126894125783,-0.06106193143970773,0.008667828354017915,0.040201803472914355
110,2022-03-01,1,1,-0.9207860302415,0.8077472910251347,0.06845760137270462,0.1403320627101287,0.14574874853291542,-1.3092473538260145,-0.11132374507489062,-0.25796877280241315,-0.6919332652043593,0.19173338218427527,0.04943108735595425,0.047634011675239396,0.04222661958189944
111,2022-04-01,1,1,-0.4004967097951246,-0.17060574153588592,0.07416240148709685,0.09464028179058531,-0.37117633613725287,0.005573813664693006,0.05566187253744548,0.44006437713352864,-0.7427549367332922,-0.4077653013574565,-0.0232616881675084,-0.0852336454811865,-0.07576493731434053
112,2022-05-01,1,1,0.18482399012817285,0.22640708327148462,0.25101120503325036,0.273825013522109,0.00020492570254471154,-0.03634251158395352,-0.05566187253744548,-0.5159375456048265,-0.574057328553671,0.7762097595137751,0.005815422041876905,0.06176803809035181,0.09737524742294812
113,2022-06-01,1,1,-0.7288928027186323,0.2506486497631786,0.25101120503325036,0.03629071599288003,-0.32300948123447903,-0.07947883993517535,0.0,-0.637334615158903,-0.6098600583471877,-0.16976441562748912,-0.0029077110209367873,0.032328657104177205,-0.034642762882795
114,2022-07-01,1,1,-0.102452040893248,-0.5914027447879382,0.26812560537642655,0.29679574491335525,0.3212769275675065,0.08913412850681368,-0.05566187253744537,0.11380975270694682,0.6171419694916316,-0.5087558993321526,0.002907711020935899,-0.15812930105304313,-0.5513758338954626
115,2022-08-01,1,1,-1.6012247346217607,-0.3238307372852747,0.3708120074354836,-0.04718987209723369,-0.1632792109051875,-0.05949179845459551,0.05566187253744537,0.5083502287576969,-0.0843488040898101,-0.44397860778150355,-0.005815422041876017,-0.0027330990305485248,0.19324108647374416
116,2022-09-01,1,1,4.340178285774605,-0.41805267496997356,0.13121040263101735,0.35538413684083725,-0.3440702545733253,0.10020761902145936,-0.05566187253744537,0.030349267388519063,-0.10801501530925284,0.8126806497112549,-0.0029077110209376755,0.02897084972379327,0.03976002541277479
117,2022-10-01,1,1,-2.783797878816554,0.09102022135560661,0.29664960594838685,0.2044025998893022,0.2667387462765105,-0.044862841519834884,0.05566187253744537,0.09863511901268729,0.18371654991503575,0.41855973235784205,0.017446266125631382,0.02213810214742651,-0.04377284279239846
118,2022-11-01,1,1,0.3830583653232443,-0.09971059424885542,0.3993360080074436,-0.2844310648308257,0.1938690294123835,-0.06071641460660948,0.0,-0.24279413910815317,-0.02958276402430371,-1.0537657536413465,-0.00872313306281769,-0.05876162915674854,0.034348244176036324
119,2022-12-01,1,1,0.7532684895038302,-0.364995661516454,0.18255360366054574,-0.28388827817224294,-0.22412351495177818,0.182516899716616,-0.05566187253744537,0.2352068222610233,0.5406819024749698,-0.2380109554515334,-0.005815422041876017,-0.02393413865321392,-0.12355059748635733
120,2023-01-01,1,1,-3.1784685453591766,-0.03384671547896978,0.1312104026310177,-0.26426111259787133,0.2208540185157165,-0.24245958577212634,-0.05566187253744548,0.38695315920362017,-0.00485460742963012,-0.25379128857475003,0.005815422041878016,0.1283385216200874,0.27942462303976456
121,2023-02-01,1,1,4.163450867208984,-0.06357693853482094,0.13691520274540947,0.05680805168732994,-0.0991560956178742,0.05787207599933053,0.11132374507489085,0.15174633694259598,0.3125153532823902,-0.007627954560789185,-0.014538555104693485,-0.027448123121060375,-0.1431360914859816
122,2023-03-01,1,1,-0.3963773624282301,-0.10199753448392085,0.04563840091513649,0.05107622457268968,0.12962482166447564,0.016875919451284638,-0.05566187253744537,-0.3717785255093604,0.15944351276688906,0.23943176211271378,0.023261688167508954,-0.026315839236972893,-0.001803927078912304
123,2023-04-01,1,1,-0.5860008770459322,0.2350974561647335,0.10268640205905677,-0.15553008915046307,0.05604717964610084,-0.005126876160003846,-0.05566187253744548,0.1289843864012068,0.16096057758864857,-0.6012243415093141,-0.008723133062817467,0.020732508360286284,0.053491960115517045
124,2023-05-01,1,1,-2.2086406301655677,-0.3242881253322881,0.1312104026310168,0.04572434811905801,0.009640822824283912,-0.017359454045044576,0.16698561761233632,-0.3566038918151009,0.0517319104219881,-0.028566210131156622,-0.008723133062813693,-0.029790779432955494,-0.11353696145647518
125,2023-06-01,1,0,2.075100703381441,-0.07089514728703039,0.011409600228784456,-0.02352437378299943,0.2520120401072423,-0.10037965192727683,-0.05566187253744548,0.3945404760507498,0.5126162032724244,-0.5708134788594189,0.01744626612563116,0.008511651266557285,0.12620126584721092
126,2023-07-01,1,0,-0.2568356948012618,0.25064864976317835,0.022819200457568467,-0.12668640611334492,0.12908456299412907,0.01665961024834961,-0.05566187253744537,0.553874129840475,0.12455102186642875,-0.011124454665094152,-0.0058154220418775715,-0.015617708745978787,-0.007915190244210502
127,2023-08-01,1,0,-0.25354292948327845,0.2611685748444805,0.11980080240223279,0.1960328296139474,-0.07572936189509827,-0.01264080859017458,0.166985617612336,-0.15933365378972542,0.26836876696919787,0.30191716433324584,-0.020353977146571278,0.029400336714308528,0.14247342439576993
128,2023-09-01,1,0,1.695460542054938,0.3741434224567155,0.0,0.19160369047990866,-0.20456242516337597,0.022065158100740945,0.0,-0.12139706955407736,0.11787593665068741,-0.10693482411337635,0.008723133062817467,-0.022333323506753322,-0.09538724615230909
129,2023-10-01,1,0,-2.044493665759217,-0.1513954435613356,0.0,0.196347645875927,-0.08779203393127921,-0.012377357198629202,0.0,-0.30349267388519197,-0.2771677429354007,0.5836172555192687,-0.0029077110209376755,-0.03439800351301936,-0.18392693237242175
130,2023-11-01,1,0,2.864705826629411,-0.32886200580241953,0.0,-0.24474250435521405,0.3483736943267737,0.11802039494874661,-0.055661872537445145,-0.18968292117824492,-0.2395445353557739,-0.7649754546849135,0.01163084408375159,-0.01960022447620502,0.0517616627132953
131,2023-12-01,1,0,-3.833190425775822,-0.295015290323449,0.0,-0.14963542603824687,0.18818699856908538,-0.02859038558906546,0.0,0.6373346151589034,0.055069453029857884,-0.2043529332919375,-0.005815422041873797,0.012298945637459147,-0.024076904277733346
132,2024-01-01,1,0,0.18151368815281788,0.057173505876637554,0.0,0.045420387590250466,0.07062484894079102,-0.10626896571647615,0.0,0.7056204667830711,-0.02078378805810077,0.10529393267126941,0.017446266125627163,0.0771514812051397,0.16308973386905867
133,2024-02-01,1,0,2.707280284760987,0.12349477269353648,0.0,0.0910361783775927,0.23344763441758376,0.020623110559364166,0.11132374507489062,-0.1593336537897253,0.06872303642569122,0.09299173460950017,-0.034892532251258546,0.009292536703860321,0.08025634759244848
134,2024-03-01,1,0,-1.9407245187387774,0.1834126068522533,0.0,-0.040622153528373506,0.14724843208335914,0.026652922089319686,-0.05566187253744548,0.18968292117824492,0.08070784851758783,-0.030321025853453976,0.02326168816750518,0.0037872943708969764,-0.12704800712914666
135,2024-04-01,1,0,0.23664006751774247,0.19118820365147615,0.0,0.15989409388547116,-0.20367751872056838,-0.03358587961498727,0.05566187253744548,-0.1669209706368558,0.03474078441828454,0.3692750992856271,-0.02035397714656728,-0.03084497477330861,0.0631006329236048
136,2024-05-01,1,0,0.551930186630289,-0.22823663545953732,0.0,-0.02928876809715586,0.22525060631577687,0.04838570238168094,0.05566187253744537,-0.6145726646175143,-0.17916535544975853,-0.48378713011189234,0.020353977146569058,-0.027135768946139116,-0.13061904644862965
137,2024-06-01,1,0,0.14591654309039115,-0.03247455133792987,0.0,0.1939376731118172,0.17043298088494563,-0.01941762682272352,0.055661872537445256,-0.06828585162416756,-0.2771252651203917,-0.06154445254072005,-0.0058154220418775715,-0.01620337282395523,0.08180257080294728
138,2024-07-01,1,0,-1.0107071561638292,0.07409686361612178,0.0,-0.033663628565337333,0.05758412241519073,0.010173921703977351,0.11132374507489085,-0.13657170324833623,0.028253815240443236,0.2681955447104163,-0.008723133062815691,0.010112466413022325,0.03350150289409459
139,2024-08-01,1,0,0.7751019577460175,-0.1875290992753707,0.0,-0.0912532930410257,0.11745968677702123,0.03196924403561896,-0.0556618725374452,0.11380975270694704,0.2823014902922336,0.7759306019903178,0.020353977146569058,-0.00425582563328053,-0.12211481879089559
